customer_id,tenure,contract,monthly_bill,support_calls,risk,actual
C3044,6,Month-to-month,1450.0,4,0.6046,0
C1351,5,Month-to-month,1830.0,3,0.5543,1
C1293,1,Month-to-month,1320.0,3,0.5117,0
C1866,4,Month-to-month,1410.0,3,0.5103,1
C1344,43,Month-to-month,1830.0,4,0.506,0
C2234,10,Month-to-month,2080.0,2,0.4648,0
C2011,4,Month-to-month,1760.0,2,0.4515,0
C2076,9,Month-to-month,1900.0,2,0.4482,0
C2275,32,Month-to-month,1630.0,3,0.4273,0
C1954,10,Month-to-month,1680.0,2,0.4196,0
C1696,2,Month-to-month,1180.0,2,0.3943,0
C1280,1,Month-to-month,1180.0,3,0.3938,0
C2652,4,Month-to-month,2060.0,1,0.3886,0
C2198,6,Month-to-month,1030.0,3,0.3594,1
C2377,15,Month-to-month,1210.0,2,0.3504,0
C2243,10,Month-to-month,1890.0,1,0.3488,0
C1666,6,Month-to-month,810.0,2,0.3406,0
C1140,5,Month-to-month,1610.0,1,0.3374,0
C2781,6,Month-to-month,1600.0,1,0.3329,0
C2393,16,Month-to-month,1940.0,2,0.3291,1
C2109,55,Month-to-month,1490.0,3,0.3287,0
C1387,4,Month-to-month,2390.0,1,0.3283,1
C1325,6,Month-to-month,1480.0,1,0.3208,1
C2441,4,Month-to-month,1410.0,2,0.3167,0
C2089,7,Month-to-month,1500.0,2,0.3156,0
C2901,2,Month-to-month,1280.0,2,0.3106,0
C3027,8,Month-to-month,1460.0,2,0.3083,0
C2137,4,Month-to-month,1280.0,1,0.3078,1
C1164,16,Month-to-month,1680.0,1,0.3071,0
C1530,3,Month-to-month,1220.0,1,0.3052,0
C1220,8,Month-to-month,2290.0,1,0.3049,0
C2274,3,Month-to-month,2050.0,0,0.3019,0
C2013,30,Month-to-month,2090.0,1,0.3008,0
C2593,2,Month-to-month,1130.0,1,0.2998,0
C2268,36,Month-to-month,550.0,3,0.2995,0
C2935,13,Month-to-month,1500.0,1,0.2995,0
C1684,47,Month-to-month,1790.0,3,0.296,0
C2073,8,Month-to-month,1330.0,2,0.2958,1
C1882,40,Month-to-month,1490.0,2,0.2937,1
C2864,1,Month-to-month,1020.0,1,0.2926,1
C2328,18,Month-to-month,1580.0,1,0.291,0
C1488,8,Month-to-month,2080.0,0,0.2886,0
C2962,11,Month-to-month,1300.0,1,0.287,0
C2084,39,Month-to-month,1380.0,2,0.2866,0
C1005,12,Month-to-month,1310.0,1,0.2848,0
C2603,5,Month-to-month,1060.0,1,0.2836,0
C2343,5,Month-to-month,1060.0,1,0.2836,1
C1848,9,Month-to-month,2080.0,1,0.2818,1
C1365,19,Month-to-month,1460.0,1,0.2767,0
C2859,18,Month-to-month,1400.0,1,0.2743,0
C1333,1,Month-to-month,1700.0,1,0.2718,0
C3012,31,Month-to-month,930.0,2,0.2701,1
C1632,15,Month-to-month,1280.0,2,0.2691,0
C2097,4,Month-to-month,850.0,2,0.264,0
C1692,25,Month-to-month,1450.0,1,0.2575,0
C2170,11,Month-to-month,1000.0,2,0.2563,1
C1694,35,Month-to-month,1770.0,1,0.2559,0
C3060,20,Month-to-month,1300.0,2,0.2558,1
C1785,7,Month-to-month,1660.0,0,0.2537,0
C3079,11,One-year,1360.0,3,0.2503,0
C1537,10,Month-to-month,1750.0,1,0.2493,0
C1597,47,Month-to-month,1230.0,2,0.2488,0
C1197,7,Month-to-month,1620.0,1,0.2469,1
C1906,10,Month-to-month,790.0,1,0.2445,0
C1747,9,Month-to-month,720.0,1,0.2415,0
C1621,3,Month-to-month,1410.0,1,0.2406,0
C1533,31,Month-to-month,1480.0,2,0.2394,0
C1588,35,Month-to-month,710.0,2,0.2392,0
C1082,4,Month-to-month,1410.0,1,0.2378,0
C1300,8,Month-to-month,1500.0,0,0.2372,1
C2788,5,Month-to-month,530.0,1,0.2369,1
C2946,9,Month-to-month,1520.0,0,0.2361,0
C2999,3,Month-to-month,1350.0,1,0.2356,1
C2294,26,Month-to-month,1190.0,1,0.2327,0
C1295,54,Month-to-month,1260.0,2,0.2315,0
C1070,47,Month-to-month,1020.0,3,0.2281,0
C3076,10,Month-to-month,1450.0,0,0.2276,0
C2903,31,Month-to-month,1330.0,2,0.2271,0
C2035,56,Month-to-month,2110.0,1,0.2248,0
C2849,5,Month-to-month,1220.0,0,0.2228,0
C1450,4,Month-to-month,1150.0,0,0.2199,0
C2255,27,Month-to-month,1030.0,1,0.2172,0
C2111,5,Month-to-month,1140.0,0,0.2165,0
C1413,12,Month-to-month,1410.0,1,0.216,0
C2554,2,Month-to-month,1070.0,1,0.2159,0
C2065,29,Month-to-month,1070.0,1,0.215,0
C2142,7,Month-to-month,1180.0,0,0.2143,0
C1096,7,Month-to-month,1160.0,0,0.2128,0
C1026,2,One-year,1490.0,3,0.2122,0
C2981,4,Month-to-month,1080.0,1,0.2115,0
C2707,33,Month-to-month,2060.0,1,0.2112,0
C1149,45,Month-to-month,1550.0,1,0.2102,0
C2024,3,Month-to-month,1870.0,0,0.2084,0
C1801,10,Month-to-month,1200.0,0,0.2081,0
C2874,41,Month-to-month,1330.0,2,0.201,0
C1208,7,One-year,1470.0,2,0.2009,0
C2418,6,Month-to-month,980.0,1,0.1989,1
C2648,66,Month-to-month,2140.0,2,0.1982,0
C1316,71,Month-to-month,1440.0,3,0.1979,0
C2942,33,Month-to-month,970.0,1,0.1974,0
C1254,6,Month-to-month,1780.0,0,0.1943,0
C1644,18,Month-to-month,1280.0,0,0.194,0
C1548,41,Month-to-month,1170.0,1,0.1922,0
C1038,26,Month-to-month,1520.0,0,0.1918,0
C2592,24,Month-to-month,1450.0,0,0.1917,0
C2630,1,Month-to-month,1560.0,0,0.1907,1
C1002,2,One-year,2020.0,1,0.1904,1
C1283,1,One-year,1120.0,2,0.1904,0
C1806,9,Month-to-month,910.0,0,0.1894,0
C3061,43,Month-to-month,2080.0,1,0.1879,0
C1813,2,Two-year,1920.0,3,0.1879,0
C2037,27,Month-to-month,1490.0,0,0.1873,1
C2822,7,One-year,1270.0,2,0.1866,1
C1375,3,Month-to-month,700.0,1,0.1863,0
C2094,40,Month-to-month,1030.0,1,0.1848,1
C1993,2,Month-to-month,1510.0,0,0.1848,0
C1983,19,Month-to-month,1180.0,0,0.1846,0
C1631,40,Month-to-month,1030.0,2,0.1821,0
C1431,33,Month-to-month,750.0,1,0.1819,0
C2862,21,Month-to-month,1190.0,0,0.1807,0
C1427,2,One-year,980.0,2,0.1784,0
C1158,6,Month-to-month,1530.0,0,0.177,0
C1145,33,Month-to-month,1570.0,1,0.1762,0
C2948,1,One-year,1770.0,1,0.1756,1
C1812,23,Month-to-month,1210.0,1,0.1749,0
C2323,47,Month-to-month,1100.0,1,0.1735,0
C2192,43,Month-to-month,1860.0,1,0.173,0
C1468,34,Month-to-month,650.0,1,0.1729,0
C1312,18,Month-to-month,970.0,0,0.1728,0
C2040,3,Month-to-month,460.0,0,0.1727,1
C1629,48,Month-to-month,1120.0,1,0.1726,0
C2983,44,Month-to-month,1830.0,0,0.1714,0
C2547,10,Month-to-month,670.0,0,0.1709,0
C1440,7,Month-to-month,1470.0,0,0.1708,0
C1716,9,Month-to-month,630.0,0,0.1705,0
C1857,12,Month-to-month,770.0,1,0.1705,0
C1667,16,Month-to-month,860.0,0,0.17,0
C2896,17,Month-to-month,930.0,1,0.1699,0
C2826,25,Month-to-month,1200.0,1,0.1698,0
C1068,16,Month-to-month,890.0,1,0.1695,0
C1921,71,Month-to-month,1850.0,1,0.1694,0
C1776,37,Month-to-month,1600.0,1,0.1693,0
C2992,7,Month-to-month,1360.0,0,0.1638,0
C2381,5,Month-to-month,1260.0,0,0.1618,0
C1183,50,Month-to-month,1050.0,2,0.1614,0
C2411,9,Month-to-month,1380.0,0,0.1608,0
C1159,27,Month-to-month,1090.0,1,0.1586,1
C2683,40,Month-to-month,1530.0,1,0.1586,0
C1339,3,Month-to-month,1140.0,0,0.1585,1
C1012,10,Two-year,1740.0,3,0.1584,1
C2091,58,One-year,1690.0,3,0.1577,0
C2945,46,Month-to-month,1720.0,1,0.1577,0
C2477,50,Month-to-month,910.0,1,0.1552,0
C2786,35,Month-to-month,1260.0,0,0.1548,0
C2789,60,Month-to-month,1280.0,2,0.1547,0
C2072,7,Month-to-month,1200.0,0,0.154,0
C1276,32,Month-to-month,1140.0,1,0.1514,0
C2557,3,One-year,1430.0,1,0.1502,0
C2307,45,Month-to-month,680.0,2,0.1493,0
C1943,38,One-year,1730.0,2,0.1489,0
C3081,20,Month-to-month,1550.0,0,0.1486,0
C1210,43,Month-to-month,1450.0,1,0.1478,0
C3080,11,One-year,1650.0,1,0.1472,0
C2601,6,Month-to-month,1050.0,0,0.1472,0
C1398,8,One-year,1520.0,1,0.1456,0
C2829,6,Month-to-month,1020.0,0,0.1455,0
C1342,48,Month-to-month,1580.0,1,0.1455,0
C2640,37,Month-to-month,2060.0,0,0.1448,1
C2276,12,One-year,770.0,2,0.1444,1
C1619,29,Month-to-month,1770.0,0,0.1438,0
C1633,12,Month-to-month,1190.0,0,0.1436,0
C3093,27,Month-to-month,790.0,0,0.1433,0
C2879,25,Month-to-month,760.0,1,0.1432,0
C1769,1,Month-to-month,810.0,0,0.1432,1
C2661,51,Month-to-month,1610.0,1,0.1415,0
C2965,28,One-year,1230.0,2,0.1398,0
C1492,17,Month-to-month,1290.0,0,0.1397,0
C1262,64,Month-to-month,1950.0,0,0.1381,0
C2674,8,Month-to-month,950.0,0,0.1378,0
C3008,24,Month-to-month,1490.0,0,0.1377,0
C2348,28,Month-to-month,1600.0,0,0.1363,0
C2885,5,One-year,1240.0,1,0.1358,0
C1670,30,Month-to-month,740.0,0,0.135,0
C1040,10,Month-to-month,950.0,0,0.1341,0
C1822,2,One-year,1120.0,2,0.1327,0
C1027,15,One-year,1540.0,2,0.1316,0
C2060,24,Month-to-month,510.0,1,0.1315,1
C2078,21,One-year,820.0,2,0.1306,1
C1182,30,Month-to-month,1550.0,0,0.13,0
C1497,11,Two-year,1270.0,3,0.13,1
C2510,6,One-year,2050.0,1,0.129,0
C2904,20,One-year,1610.0,1,0.1285,0
C2337,58,Month-to-month,700.0,1,0.1284,0
C1046,29,One-year,1950.0,2,0.1283,0
C3083,39,Month-to-month,910.0,0,0.1279,1
C1861,7,Month-to-month,720.0,0,0.1275,0
C3073,41,Month-to-month,1000.0,1,0.1271,1
C1078,1,One-year,1840.0,1,0.127,0
C1144,34,One-year,1220.0,3,0.1265,0
C2012,31,Month-to-month,1510.0,0,0.1263,0
C1008,49,Month-to-month,1250.0,1,0.126,0
C2041,23,Month-to-month,1210.0,0,0.1248,1
C1154,37,Month-to-month,780.0,0,0.1248,0
C2582,36,Month-to-month,1640.0,0,0.1243,0
C1845,20,One-year,650.0,2,0.1237,0
C1030,67,Month-to-month,1760.0,0,0.1229,0
C2289,53,Month-to-month,1320.0,1,0.1227,1
C2645,52,Month-to-month,380.0,1,0.1226,0
C1603,55,Month-to-month,1380.0,1,0.1223,0
C2136,18,Two-year,1340.0,3,0.1216,0
C1486,52,Month-to-month,390.0,2,0.1212,0
C2395,53,Month-to-month,1240.0,0,0.1207,0
C2236,25,One-year,1610.0,1,0.12,0
C2695,31,One-year,920.0,2,0.1187,0
C1773,4,One-year,1730.0,0,0.1185,0
C1135,18,One-year,1380.0,2,0.1185,0
C1957,57,Month-to-month,1320.0,0,0.118,0
C1429,5,One-year,1780.0,1,0.1174,1
C3032,18,One-year,1340.0,2,0.1166,0
C1050,6,Month-to-month,450.0,0,0.1159,0
C2224,69,One-year,1290.0,4,0.1143,0
C2244,20,One-year,1340.0,2,0.1134,1
C2338,53,Month-to-month,1960.0,0,0.112,1
C2305,66,Month-to-month,1510.0,1,0.1109,0
C2882,6,One-year,770.0,1,0.1109,1
C2303,52,Month-to-month,1020.0,1,0.1102,0
C3023,50,Month-to-month,900.0,0,0.1096,0
C2148,68,Month-to-month,1490.0,0,0.1087,0
C1136,6,One-year,730.0,2,0.1074,0
C1191,55,Month-to-month,1040.0,1,0.1066,0
C2772,9,Two-year,1610.0,3,0.1064,0
C2031,5,Two-year,1450.0,3,0.1053,0
C2501,4,Two-year,2230.0,1,0.1048,0
C2461,4,Two-year,1360.0,2,0.1046,0
C1945,6,One-year,1490.0,0,0.1045,0
C1286,9,One-year,1610.0,1,0.1036,0
C1668,28,One-year,1350.0,2,0.102,0
C2588,45,Month-to-month,570.0,1,0.101,0
C2455,18,Two-year,1710.0,2,0.0994,0
C2310,18,One-year,900.0,1,0.099,0
C1115,65,Month-to-month,1160.0,0,0.099,0
C1673,53,Month-to-month,1640.0,0,0.0983,0
C1384,28,One-year,2080.0,0,0.098,0
C1854,7,One-year,1360.0,0,0.0977,0
C2266,55,Month-to-month,780.0,0,0.0973,0
C2401,16,One-year,780.0,1,0.0969,0
C2590,49,Month-to-month,560.0,0,0.0966,1
C1911,58,Month-to-month,900.0,1,0.0965,1
C2392,43,One-year,1710.0,2,0.0959,0
C1624,20,One-year,1790.0,1,0.0957,0
C2162,67,Month-to-month,1120.0,0,0.0946,0
C1483,11,One-year,1380.0,0,0.0931,1
C1581,63,Month-to-month,1830.0,0,0.0924,0
C1211,56,Month-to-month,1590.0,0,0.0923,1
C2666,20,One-year,820.0,2,0.0916,0
C3085,3,One-year,1100.0,1,0.0913,0
C3088,7,Two-year,1130.0,2,0.0912,0
C3038,39,One-year,1410.0,1,0.091,0
C1214,11,One-year,1290.0,0,0.0897,0
C2805,2,One-year,970.0,0,0.0891,0
C1501,6,One-year,1130.0,1,0.0886,0
C2564,39,One-year,1360.0,2,0.0877,0
C2858,70,Month-to-month,1940.0,0,0.0876,0
C1695,5,One-year,1060.0,1,0.0873,1
C1496,49,Month-to-month,1220.0,0,0.0873,0
C1825,46,One-year,1580.0,2,0.0871,0
C2434,25,One-year,1680.0,0,0.0866,0
C1126,6,One-year,1030.0,0,0.0864,1
C1744,4,One-year,950.0,0,0.0859,0
C2894,62,One-year,1180.0,2,0.0857,0
C1567,2,One-year,1760.0,0,0.085,0
C2659,47,Month-to-month,1080.0,0,0.0847,0
C1479,69,Month-to-month,1810.0,0,0.0842,0
C1173,35,One-year,1990.0,1,0.0841,1
C1715,67,Month-to-month,1720.0,0,0.0834,1
C2764,2,One-year,800.0,0,0.083,0
C1608,49,Month-to-month,1090.0,0,0.0827,0
C1572,69,Month-to-month,900.0,1,0.0826,0
C2949,57,Month-to-month,1340.0,0,0.082,0
C2426,34,Two-year,1820.0,3,0.0816,0
C2438,2,One-year,760.0,0,0.0816,0
C2183,39,One-year,2010.0,0,0.0815,0
C3045,36,Month-to-month,580.0,0,0.0803,0
C1829,7,One-year,930.0,1,0.0803,0
C1835,62,One-year,1910.0,2,0.0796,0
C2646,12,Two-year,1830.0,1,0.0793,0
C1614,61,Month-to-month,490.0,0,0.0792,0
C1000,40,Month-to-month,660.0,0,0.0785,0
C1889,6,Two-year,1570.0,1,0.0774,0
C2087,4,Two-year,1500.0,1,0.0773,0
C1558,12,One-year,1000.0,1,0.077,0
C1349,9,Two-year,780.0,2,0.0765,0
C2023,42,One-year,1980.0,1,0.0758,0
C2770,51,Month-to-month,920.0,0,0.0748,0
C2812,55,Month-to-month,1020.0,0,0.0737,0
C1930,61,One-year,1690.0,2,0.0736,0
C2389,63,Month-to-month,1270.0,0,0.073,0
C1461,3,One-year,1430.0,0,0.0729,0
C1792,4,Two-year,460.0,2,0.0718,0
C1319,44,One-year,1050.0,2,0.0717,0
C1912,5,Two-year,2210.0,0,0.0714,0
C1779,43,One-year,1870.0,1,0.0713,0
C1225,20,One-year,1000.0,0,0.0698,0
C3056,66,Month-to-month,1260.0,0,0.0696,0
C2262,10,One-year,1490.0,0,0.0676,0
C1713,16,One-year,780.0,0,0.0673,1
C1772,56,One-year,1230.0,1,0.0661,0
C2670,26,Two-year,1910.0,2,0.0659,0
C2559,69,Month-to-month,1230.0,0,0.0658,1
C2005,8,One-year,1360.0,0,0.0658,0
C3066,10,Two-year,2220.0,1,0.0656,0
C2927,29,One-year,1160.0,0,0.0656,0
C2761,49,One-year,1010.0,2,0.0655,0
C2773,4,Two-year,1110.0,1,0.0655,0
C1368,46,One-year,870.0,1,0.0655,0
C1800,54,Month-to-month,700.0,0,0.0652,0
C2943,70,Month-to-month,1230.0,0,0.0649,0
C1583,5,One-year,350.0,1,0.0646,0
C1658,3,Two-year,1890.0,0,0.0641,0
C1873,4,One-year,1160.0,0,0.064,0
C2176,2,Two-year,1010.0,2,0.0635,0
C1172,2,One-year,1070.0,0,0.0634,0
C2634,5,Two-year,1910.0,0,0.0628,0
C2453,14,Two-year,480.0,2,0.0626,0
C1338,62,One-year,1300.0,1,0.0625,0
C3077,10,Two-year,1200.0,1,0.0624,0
C3022,68,Month-to-month,1040.0,0,0.0616,0
C1042,70,Month-to-month,1100.0,0,0.0613,0
C2099,34,One-year,1170.0,0,0.0613,0
C1014,26,One-year,1790.0,0,0.0609,0
C1393,16,One-year,1420.0,0,0.0601,1
C2199,51,One-year,1680.0,0,0.0595,0
C1742,10,Two-year,1950.0,0,0.0594,0
C3016,51,One-year,1690.0,1,0.0588,0
C1568,6,Two-year,910.0,1,0.0584,0
C1263,19,Two-year,1390.0,2,0.0584,0
C2264,4,Two-year,1740.0,1,0.0582,1
C2730,71,Month-to-month,1010.0,0,0.0582,0
C2627,23,Two-year,1470.0,1,0.058,0
C1142,26,One-year,760.0,1,0.0567,0
C2932,29,One-year,1690.0,0,0.0558,0
C2452,67,One-year,1180.0,1,0.0551,0
C3050,57,One-year,1680.0,0,0.0545,0
C1177,17,One-year,350.0,1,0.0542,0
C2746,5,Two-year,1520.0,0,0.0531,0
C1258,29,One-year,1550.0,0,0.0526,0
C2246,37,One-year,1810.0,0,0.0523,0
C1780,4,One-year,690.0,0,0.0523,0
C1489,56,One-year,1540.0,0,0.0521,0
C1423,13,One-year,970.0,0,0.0517,0
C2671,16,One-year,1060.0,0,0.0515,0
C1703,25,One-year,1360.0,0,0.0513,0
C2681,58,One-year,1560.0,0,0.051,0
C2196,46,Two-year,1080.0,2,0.0508,0
C1362,55,One-year,1430.0,0,0.0504,0
C2345,33,One-year,640.0,0,0.0494,0
C2743,54,One-year,1340.0,0,0.0492,0
C2527,21,Two-year,990.0,1,0.0485,0
C1499,67,One-year,870.0,2,0.0474,0
C1268,3,Two-year,2080.0,0,0.0471,0
C2793,7,Two-year,1300.0,0,0.0468,0
C2042,22,Two-year,1800.0,0,0.0466,0
C1925,48,One-year,1010.0,0,0.0465,0
C2135,2,One-year,350.0,0,0.0464,0
C1705,5,Two-year,2100.0,0,0.0461,0
C1600,7,Two-year,2150.0,0,0.0457,0
C1205,45,One-year,1770.0,0,0.0457,0
C2360,45,One-year,890.0,1,0.0454,0
C1419,32,Two-year,1160.0,1,0.0444,0
C2124,70,One-year,1620.0,0,0.0438,0
C2470,40,Two-year,1390.0,1,0.0436,0
C1674,1,Two-year,1810.0,0,0.0431,0
C1089,10,Two-year,1250.0,1,0.0431,0
C2766,8,Two-year,1130.0,0,0.0428,0
C1730,68,One-year,1380.0,0,0.0406,0
C1176,32,Two-year,1860.0,1,0.0406,0
C1016,51,Two-year,1590.0,2,0.0397,0
C2053,32,Two-year,1690.0,0,0.0383,0
C2238,2,Two-year,1570.0,0,0.0382,0
C2108,19,Two-year,1270.0,1,0.038,0
C2457,50,Two-year,1390.0,1,0.0375,0
C1740,27,Two-year,1450.0,1,0.0365,0
C1340,8,Two-year,1600.0,0,0.0354,0
C1077,11,Two-year,790.0,0,0.0353,0
C1799,44,Two-year,1080.0,2,0.0352,0
C2353,38,One-year,910.0,0,0.0347,0
C2897,59,One-year,700.0,1,0.0339,0
C3037,35,Two-year,1480.0,0,0.0334,1
C1712,3,Two-year,1280.0,0,0.0331,0
C1552,49,Two-year,1940.0,1,0.0326,0
C2030,53,One-year,1160.0,0,0.031,0
C2259,69,One-year,1680.0,0,0.0307,0
C2663,7,Two-year,1220.0,0,0.0304,0
C1515,68,One-year,1540.0,0,0.0293,0
C2880,67,One-year,1460.0,0,0.0287,1
C1618,43,One-year,570.0,0,0.0277,0
C1685,65,One-year,1260.0,0,0.027,0
C1975,49,Two-year,1480.0,0,0.027,0
C2263,62,Two-year,1900.0,0,0.0268,0
C2765,51,Two-year,1500.0,0,0.0265,0
C2322,55,Two-year,1550.0,1,0.025,0
C2628,24,Two-year,350.0,0,0.0238,0
C2750,61,Two-year,1600.0,1,0.0234,0
C2853,11,Two-year,760.0,0,0.0233,0
C2834,40,Two-year,1730.0,0,0.0231,0
C2907,44,Two-year,930.0,1,0.0224,0
C1805,6,Two-year,480.0,0,0.0222,0
C3058,69,Two-year,1620.0,0,0.0213,0
C2731,59,One-year,350.0,0,0.0197,0
C3068,63,Two-year,1220.0,0,0.0195,0
C1095,60,Two-year,1160.0,1,0.0195,0
C2085,68,Two-year,1350.0,0,0.0191,0
C2857,56,Two-year,1770.0,0,0.0185,0
C2619,53,Two-year,1620.0,0,0.0181,0
C1860,56,Two-year,1630.0,0,0.0173,0
C2806,65,Two-year,1070.0,1,0.0173,0
C1153,47,Two-year,1170.0,0,0.0162,0
C2220,69,Two-year,1580.0,0,0.0139,0
C2662,60,Two-year,1280.0,0,0.0139,0
C2755,57,Two-year,710.0,0,0.0113,0

